Strategy,Subset,Model,Feature,Mean_abs_SHAP
expanding,A,CatBoost,NO2_ACUM_0_3,0.04553214128338702
expanding,A,CatBoost,pres_max_ACUM_0_7,0.028693141843910846
expanding,A,CatBoost,estac_sin,0.024881927191733752
expanding,A,CatBoost,PM10_ACUM_0_7,0.024185545438117927
expanding,A,CatBoost,O3_IMM,0.018862601341882838
expanding,A,CatBoost,dia_semana,0.01837702932850825
expanding,A,LightGBM,NO2_ACUM_0_3,0.07718161977005714
expanding,A,LightGBM,estac_sin,0.048874158995392755
expanding,A,LightGBM,pres_max_ACUM_0_7,0.04234233334672102
expanding,A,LightGBM,PM10_ACUM_0_7,0.04120542504231099
expanding,A,LightGBM,O3_IMM,0.035092034428456126
expanding,A,LightGBM,dia_semana,0.026678282674038482
expanding,A,MLP,O3_IMM,0.03545907527033049
expanding,A,MLP,NO2_ACUM_0_3,0.03543233574164634
expanding,A,MLP,estac_sin,0.020507892182836315
expanding,A,MLP,dia_semana,0.018968499254383694
expanding,A,MLP,PM10_ACUM_0_7,0.017147927170952662
expanding,A,MLP,pres_max_ACUM_0_7,0.009860032191680024
expanding,B,CatBoost,NO2_LAG0,0.02915367078478705
expanding,B,CatBoost,pres_med_LAG-7,0.02809593862613528
expanding,B,CatBoost,O3_LAG-2,0.025791077911277927
expanding,B,CatBoost,O3_LAG-7,0.023114588488864055
expanding,B,CatBoost,PM10_LAG0,0.023026103891592382
expanding,B,CatBoost,NO2_LAG-4,0.023002923130345295
expanding,B,CatBoost,NO2_LAG-6,0.02188744882915352
expanding,B,CatBoost,estac_sin,0.01955934112828129
expanding,B,CatBoost,PM10_LAG-7,0.01639773972611364
expanding,B,CatBoost,NO2_LAG-2,0.015838263921275745
expanding,B,CatBoost,NO2_LAG-3,0.014047640621529696
expanding,B,CatBoost,NO2_LAG-7,0.013253819304176712
expanding,B,CatBoost,NO2_LAG-1,0.01293463013459463
expanding,B,CatBoost,NO2_LAG-5,0.012727074307830842
expanding,B,CatBoost,prec_24_LAG-2,0.011595346523736439
expanding,B,CatBoost,PM10_LAG-3,0.011525223682906965
expanding,B,CatBoost,pres_min_LAG0,0.008259160549846612
expanding,B,CatBoost,prec_24_LAG-1,0.008080268239991377
expanding,B,CatBoost,prec_24_LAG-3,0.007526181025829632
expanding,B,CatBoost,prec_24_LAG-4,0.006885286765302676
expanding,B,CatBoost,prec_24_LAG-5,0.005821865394880244
expanding,B,CatBoost,prec_24_LAG-7,0.005245235265380555
expanding,B,CatBoost,prec_24_LAG-6,0.004824227795722845
expanding,B,CatBoost,prec_24_LAG0,0.003512367344511356
expanding,B,LightGBM,NO2_LAG0,0.03128695833510066
expanding,B,LightGBM,O3_LAG-7,0.02983926230358533
expanding,B,LightGBM,pres_med_LAG-7,0.02755216408750964
expanding,B,LightGBM,NO2_LAG-4,0.02615435614607021
expanding,B,LightGBM,O3_LAG-2,0.025506508577819713
expanding,B,LightGBM,PM10_LAG0,0.023588491910494447
expanding,B,LightGBM,NO2_LAG-6,0.02185369947605565
expanding,B,LightGBM,estac_sin,0.016043795293859617
expanding,B,LightGBM,NO2_LAG-3,0.014224101527660021
expanding,B,LightGBM,NO2_LAG-2,0.01412982028854366
expanding,B,LightGBM,PM10_LAG-3,0.013077288228442153
expanding,B,LightGBM,PM10_LAG-7,0.013027530111367425
expanding,B,LightGBM,NO2_LAG-7,0.012409183665163009
expanding,B,LightGBM,NO2_LAG-1,0.011776132654364231
expanding,B,LightGBM,prec_24_LAG-2,0.010853117614650236
expanding,B,LightGBM,NO2_LAG-5,0.01031330829708644
expanding,B,LightGBM,prec_24_LAG-1,0.009794907226696594
expanding,B,LightGBM,pres_min_LAG0,0.009563423719171292
expanding,B,LightGBM,prec_24_LAG-3,0.006189028368426594
expanding,B,LightGBM,prec_24_LAG-4,0.004095481365068043
expanding,B,LightGBM,prec_24_LAG-6,0.002851937205019989
expanding,B,LightGBM,prec_24_LAG-7,0.002796483915080714
expanding,B,LightGBM,prec_24_LAG0,0.0020155135696008435
expanding,B,LightGBM,prec_24_LAG-5,0.0008665598291258496
expanding,B,MLP,estac_sin,0.030481859709906533
expanding,B,MLP,O3_LAG-7,0.028703938174536488
expanding,B,MLP,NO2_LAG-7,0.016566912930593532
expanding,B,MLP,NO2_LAG-1,0.01332402080024275
expanding,B,MLP,NO2_LAG-4,0.01223308695228489
expanding,B,MLP,NO2_LAG0,0.011087767354144655
expanding,B,MLP,PM10_LAG-7,0.009414760080599618
expanding,B,MLP,NO2_LAG-2,0.008960746923656747
expanding,B,MLP,NO2_LAG-6,0.008538017009376614
expanding,B,MLP,O3_LAG-2,0.006930173986317581
expanding,B,MLP,NO2_LAG-3,0.006824456395439737
expanding,B,MLP,prec_24_LAG-3,0.00607410548969397
expanding,B,MLP,pres_min_LAG0,0.005990396022278056
expanding,B,MLP,prec_24_LAG-6,0.004508242030199448
expanding,B,MLP,prec_24_LAG-1,0.004347570359709722
expanding,B,MLP,pres_med_LAG-7,0.002738978380647318
expanding,B,MLP,prec_24_LAG-2,0.0024672292995835923
expanding,B,MLP,prec_24_LAG-5,0.002461297192347662
expanding,B,MLP,prec_24_LAG-4,0.002289545450274556
expanding,B,MLP,PM10_LAG0,0.002219767981649381
expanding,B,MLP,prec_24_LAG0,0.0018272224362515588
expanding,B,MLP,NO2_LAG-5,0.001334574456150453
expanding,B,MLP,PM10_LAG-3,0.0010066402972251534
expanding,B,MLP,prec_24_LAG-7,0.0003729114517416762
sliding,A,CatBoost,NO2_ACUM_0_3,0.0460450142363327
sliding,A,CatBoost,pres_max_ACUM_0_7,0.030935233496387382
sliding,A,CatBoost,estac_sin,0.024911253000253434
sliding,A,CatBoost,PM10_ACUM_0_7,0.024304008666552232
sliding,A,CatBoost,dia_semana,0.019409608330546713
sliding,A,CatBoost,O3_IMM,0.019369045089817183
sliding,A,LightGBM,NO2_ACUM_0_3,0.06882249097896485
sliding,A,LightGBM,estac_sin,0.037212777373078265
sliding,A,LightGBM,pres_max_ACUM_0_7,0.034580600211780624
sliding,A,LightGBM,PM10_ACUM_0_7,0.030831055246096445
sliding,A,LightGBM,O3_IMM,0.024270410238858717
sliding,A,LightGBM,dia_semana,0.021832089710002434
sliding,A,MLP,NO2_ACUM_0_3,0.03885482095457612
sliding,A,MLP,O3_IMM,0.030347683965343628
sliding,A,MLP,estac_sin,0.02789249615824005
sliding,A,MLP,PM10_ACUM_0_7,0.020007887129504968
sliding,A,MLP,dia_semana,0.018736291922053654
sliding,A,MLP,pres_max_ACUM_0_7,0.011504215492986062
sliding,B,CatBoost,pres_med_LAG-7,0.02837096836582457
sliding,B,CatBoost,O3_LAG-7,0.02743473917617198
sliding,B,CatBoost,NO2_LAG0,0.022599984156326528
sliding,B,CatBoost,O3_LAG-2,0.019724416026116545
sliding,B,CatBoost,estac_sin,0.01821390719248188
sliding,B,CatBoost,NO2_LAG-4,0.016487230376122153
sliding,B,CatBoost,NO2_LAG-6,0.01637372265526389
sliding,B,CatBoost,PM10_LAG0,0.01624160080908263
sliding,B,CatBoost,PM10_LAG-7,0.014305723390511149
sliding,B,CatBoost,NO2_LAG-3,0.011346016177384273
sliding,B,CatBoost,PM10_LAG-3,0.011249170032550293
sliding,B,CatBoost,NO2_LAG-2,0.00983784454173541
sliding,B,CatBoost,NO2_LAG-1,0.008302529188374895
sliding,B,CatBoost,prec_24_LAG-3,0.008119963446590005
sliding,B,CatBoost,NO2_LAG-5,0.007619765276198033
sliding,B,CatBoost,NO2_LAG-7,0.007593442190371025
sliding,B,CatBoost,prec_24_LAG-2,0.0071348995383769195
sliding,B,CatBoost,pres_min_LAG0,0.006440324136328669
sliding,B,CatBoost,prec_24_LAG-1,0.005593584577181199
sliding,B,CatBoost,prec_24_LAG-6,0.004173901294552078
sliding,B,CatBoost,prec_24_LAG-5,0.002706200437048556
sliding,B,CatBoost,prec_24_LAG-4,0.002441561325123153
sliding,B,CatBoost,prec_24_LAG0,0.0024036323577372957
sliding,B,CatBoost,prec_24_LAG-7,0.0013775307726366277
sliding,B,LightGBM,NO2_LAG0,0.03265213635744765
sliding,B,LightGBM,NO2_LAG-6,0.02837770956260211
sliding,B,LightGBM,pres_med_LAG-7,0.02824461651333799
sliding,B,LightGBM,NO2_LAG-4,0.026451316609022703
sliding,B,LightGBM,PM10_LAG0,0.022266810731498745
sliding,B,LightGBM,O3_LAG-2,0.021115862125131564
sliding,B,LightGBM,O3_LAG-7,0.020403588141425396
sliding,B,LightGBM,estac_sin,0.02032356761862383
sliding,B,LightGBM,NO2_LAG-2,0.015266168372402966
sliding,B,LightGBM,PM10_LAG-3,0.014695738202333884
sliding,B,LightGBM,PM10_LAG-7,0.014211972561160404
sliding,B,LightGBM,NO2_LAG-3,0.013643601806996749
sliding,B,LightGBM,pres_min_LAG0,0.013105415066760813
sliding,B,LightGBM,NO2_LAG-5,0.012375892960502352
sliding,B,LightGBM,NO2_LAG-1,0.011037588163328381
sliding,B,LightGBM,prec_24_LAG-2,0.011031970999604816
sliding,B,LightGBM,NO2_LAG-7,0.010510382583861586
sliding,B,LightGBM,prec_24_LAG-1,0.008826881249862606
sliding,B,LightGBM,prec_24_LAG-3,0.008659067039548263
sliding,B,LightGBM,prec_24_LAG-4,0.005099110926834242
sliding,B,LightGBM,prec_24_LAG0,0.00459289829602442
sliding,B,LightGBM,prec_24_LAG-7,0.003961765507216593
sliding,B,LightGBM,prec_24_LAG-6,0.0025962723840907823
sliding,B,LightGBM,prec_24_LAG-5,0.002237634894228571
sliding,B,MLP,O3_LAG-7,0.03702303099206085
sliding,B,MLP,estac_sin,0.021611954539355067
sliding,B,MLP,NO2_LAG-3,0.018500754406654548
sliding,B,MLP,O3_LAG-2,0.017022247978842435
sliding,B,MLP,NO2_LAG0,0.01262007465196039
sliding,B,MLP,PM10_LAG-7,0.012596645136479095
sliding,B,MLP,NO2_LAG-4,0.009632601450715686
sliding,B,MLP,prec_24_LAG-6,0.006805283133685566
sliding,B,MLP,NO2_LAG-1,0.006278190926165175
sliding,B,MLP,prec_24_LAG-5,0.005733888755912442
sliding,B,MLP,prec_24_LAG-3,0.005469825801153823
sliding,B,MLP,prec_24_LAG-4,0.005076064501086959
sliding,B,MLP,NO2_LAG-7,0.0049376857375507234
sliding,B,MLP,PM10_LAG0,0.004676502731939549
sliding,B,MLP,NO2_LAG-6,0.003887218168097413
sliding,B,MLP,prec_24_LAG-1,0.0038670036632013926
sliding,B,MLP,pres_med_LAG-7,0.0038392419470767223
sliding,B,MLP,NO2_LAG-2,0.0033489434295426272
sliding,B,MLP,PM10_LAG-3,0.002887821876856684
sliding,B,MLP,prec_24_LAG0,0.002706612712299215
sliding,B,MLP,prec_24_LAG-2,0.002269608007593273
sliding,B,MLP,pres_min_LAG0,0.0016714662330075758
sliding,B,MLP,prec_24_LAG-7,0.0012422420582353134
sliding,B,MLP,NO2_LAG-5,0.00046170561890740875
